pos	setname
3450	otoole
18312	otoole
19367	otoole
33143	otoole
66580	otoole
128076	otoole
141300	otoole
171675	otoole
178423	otoole
23353	otoole
51809	otoole
61844	otoole
69678	otoole
84008	otoole
96841	otoole
100971	otoole
125492	otoole
128174	otoole
134078	otoole
151050	otoole
188889	otoole
56968	otoole
92053	otoole
123000	otoole
146052	otoole
150831	otoole
151305	otoole
187428	otoole
2930	otoole
18493	otoole
18908	otoole
21898	otoole
23626	otoole
25254	otoole
29199	otoole
36901	otoole
44085	otoole
63034	otoole
75099	otoole
75144	otoole
76509	otoole
87659	otoole
115332	otoole
115572	otoole
128771	otoole
140739	otoole
151875	otoole
160008	otoole
160312	otoole
165130	otoole
168862	otoole
174491	otoole
177703	otoole
56351	otoole
190782	otoole
25731	otoole
25768	otoole
26020	otoole
117099	otoole
129583	otoole
18769	otoole
100261	otoole
6739	otoole
114221	otoole
156429	otoole
28175	otoole
81977	otoole
154408	otoole
5157	otoole
7764	otoole
133161	otoole
13797	otoole
109736	otoole
37209	otoole
48180	otoole
3477	otoole
98046	otoole
120237	otoole
127906	otoole
149775	otoole
172965	otoole
174056	otoole
8385	otoole
29889	otoole
43118	otoole
113841	otoole
146607	otoole
28164	otoole
121454	otoole
3531	otoole
46685	otoole
144659	otoole
40251	otoole
63801	otoole
162243	otoole
63264	otoole
92830	otoole
180656	otoole
186423	otoole
154015	otoole
10430	otoole
18699	otoole
26002	otoole
134814	otoole
143669	otoole
180039	otoole
180827	otoole
189317	otoole
18792	otoole
30636	otoole
34472	otoole
34578	otoole
80099	otoole
93387	otoole
124031	otoole
149265	otoole
149872	otoole
161953	otoole
165782	otoole
177720	otoole
25072	otoole
36898	otoole
42183	otoole
42903	otoole
50346	otoole
54268	otoole
73616	otoole
79406	otoole
105746	otoole
142498	otoole
157737	otoole
179537	otoole
112544	otoole
163540	otoole
30868	otoole
43103	otoole
102599	otoole
164210	otoole
184924	otoole
90329	otoole
132520	otoole
11332	otoole
12099	otoole
15105	otoole
16227	otoole
29887	otoole
42101	otoole
75614	otoole
117119	otoole
128534	otoole
130454	otoole
134442	otoole
142918	otoole
144446	otoole
164832	otoole
168532	otoole
174610	otoole
179853	otoole
188544	otoole
2752	otoole
39173	otoole
57284	otoole
74226	otoole
100640	otoole
118739	otoole
142636	otoole
146223	otoole
148427	otoole
150800	otoole
168365	otoole
170317	otoole
172527	otoole
186104	otoole
189417	otoole
189474	otoole
144876	otoole
11948	otoole
13686	otoole
14790	otoole
21861	otoole
21991	otoole
23118	otoole
27826	otoole
38923	otoole
39515	otoole
56546	otoole
57786	otoole
59282	otoole
85356	otoole
103019	otoole
112470	otoole
124129	otoole
135303	otoole
151112	otoole
155611	otoole
158424	otoole
186984	otoole
188491	otoole
3093	otoole
6376	otoole
15390	otoole
24824	otoole
27403	otoole
27661	otoole
30539	otoole
30588	otoole
33544	otoole
36214	otoole
41161	otoole
47078	otoole
56644	otoole
71766	otoole
82704	otoole
112712	otoole
121997	otoole
146609	otoole
156437	otoole
162936	otoole
164886	otoole
172348	otoole
172354	otoole
181806	otoole
23564	otoole
72362	otoole
83326	otoole
87230	otoole
87297	otoole
91728	otoole
119296	otoole
125249	otoole
148412	otoole
168120	otoole
8772	otoole
177273	otoole
151929	otoole
39767	otoole
170573	otoole
141757	otoole
13065	otoole
72206	otoole
103431	otoole
165369	otoole
188949	otoole
11727	otoole
39139	otoole
92349	otoole
25661	otoole
39119	otoole
1262	otoole
3818	otoole
124130	otoole
128698	otoole
81275	otoole
2591	otoole
3522	otoole
7771	otoole
15428	otoole
21723	otoole
30367	otoole
31053	otoole
34459	otoole
37202	otoole
38360	otoole
38662	otoole
52885	otoole
54117	otoole
54635	otoole
64297	otoole
73066	otoole
82373	otoole
82451	otoole
124674	otoole
162331	otoole
178133	otoole
181980	otoole
186578	otoole
3111	otoole
73239	otoole
74205	otoole
77383	otoole
84587	otoole
150469	otoole
183519	otoole
79348	otoole
133714	otoole
88640	otoole
756	otoole
2039	otoole
8500	otoole
79538	otoole
81354	otoole
84416	otoole
88736	otoole
100642	otoole
138791	otoole
161616	otoole
11555	otoole
28645	otoole
94840	otoole
188503	otoole
22971	otoole
23711	otoole
33177	otoole
77635	otoole
83496	otoole
90945	otoole
1126	otoole
69017	otoole
182196	otoole
6948	otoole
47224	otoole
77726	otoole
143845	otoole
152431	otoole
166786	otoole
184535	otoole
